{
    "-99":"ES server not reachable.",
    "0":"server is not reachable,contact administrator.",
    "102":"server is not reachable, contact administrator.",
    "200":"request successful",
    "202":"request accepted",
    "400":"Bad request.",
    "401":"Unauthorized access.",
    "403":"Forbidden access.",
    "404":"CMS server is not reachable contact administrator.",
    "500":"Internal server error.",
    "900":"Database error.",
    "903":"Session expired.",
    "904":"Server not reachable.",
    "905":"invalid project channel.",
    "906":"invalid user project channel.",
    "907":"project not found.",
    "908":"context not found.",
    "909":"ms url not found.",
    "921":"action not available.",
    "922":"inputstream error.",
    "923":"json error.",
    "924":"internal error.",
    "2001":"MS insertion successful.",
    "2002":"LB operational status code error.",
    "2003":"User deleted successfully.",
    "2004":"User logged in successfully. *",
    "2005":"User blocked successfully.",
    "2006":"User info is fetched successfully.",
    "2007":"Role created successfully.",
    "2008":"Role modified successfully.",
    "2009":"Role Details fetched successfully.",
    "2010":"Role deleted successfully.",
    "2011":"Role deleted successfully and default role is applied to user.",
    "2012":"User Modified successfully.",
    "2013":"Password Changed successfully.",
    "2014":"Password retireved successfully.",
    "2015":"Project created successfully.",
    "2016":"Project deleted successfully.",
    "2017":"Project info fetched successfully.",
    "2018":"Module created successfully.",
    "2019":"Module viewed successfully.",
    "2020":"Module deleted successfully.",
    "2021":"Submodule created successfully.",
    "2022":"Submodule deleted successfully.",
    "2023":"Submodule view successfully.",
    "2024":"Product list fetched successfully.",
    "2025":"Product modified successfully.",
    "2026":"Auth fetched successfully.",
    "2027":"fetch module submodule successfully",
    "2028":"user details fetched successfully.",
    "2029":"role does not exists.",
    "2030":"logout successful.",
    "2031":"role fetch successful.",
    "2032":"group creation successful.",
    "2033":"group modification successful.",
    "2034":"group fetch successful.",
    "2035":"group deletion successful.",
    "2036":"fetch group list successful.",
    "2037":"websocket data insertion success.",
    "2038":"fetching websocket info for single user success.",
    "2039":"fetching websocket info for all user success.",
    "2040":"successfully inserted websocket data into ES.",
    "2041":"websocket data deleted successfully from ES.",
    "2042":"user locked successfully.",
    "2043":"user unlocked successfully.",
    "2044":"group locked successfully.",
    "2045":"group unlocked successfully.",
    "2046":"gnode circle data inserted successfully.",
    "2047":"node circle data fetched successful.",
    "2048":"short code to id fetch successful.",
    "2049":"node to id fetch successful",
    "2050":"circle to id fetch successful",
    "2051":"circle short full name fetch successful",
    "2052":"node short full name fetch successful",
    "2053":"operation module node circle fetch successful",
    "2054":"product meta data insertion successful",
    "2055":"user image fetched successfully",
    "2056":"trace data inserted successfully",
    "2057":"trace data deleted suceesfully",
    "2058":"trace data fetched suceesfully",
    "2059":"policy created successfully",
    "2060":"node created successfully",
    "2061":"policy deleted successfully",
    "2062":"node deleted successfully",
    "2063":"user template fetched successfully",
    "2064":"user template does not exists",
    "2065":"certificate inserted successfully",
    "2066":"node event metadata inserted successfully",
    "2067":"node event metadata fetched successfully",
    "2068":"policy updated successfully",
    "2069":"node updated successfully",
    "2070":"mail id validated successfully",
    "2071":"token created successfully",
    "2072":"user counters fetched successfully",
    "2073":"otp sent successfully",
    "2074":"password reset successfully",
    "2075":"node to network mapping created successfully",
    "2076":"node to network mapping modified successfully",
    "2077":"jbc api key created successfully",
    "2078":"jbc api key deleted successfully",
    "2079":"jbc all api key fetched_successfully",
    "2080":"blockchain default configuration inserted successfully",
    "2081":"node to network mapping deleted successfully",
    "2082":"jbc api key generation request accepted",
    "2083":"jbc api key deletion request accepted",
    "2084":"jbc api key fetched successfully",

    "4001":"MS insertion component id does not exists.",
    "4002":"Email Id Already Exist.",
    "4003":"User deletion failed.",
    "4004":"User is already logged in from different system.",
    "4005":"User is blocked.",
    "4006":"User is locked.",
    "4007":"User block failure.",
    "4008":"User name or password is wrong.",
    "4009":"Role Name exist.",
    "4010":"Role not modified successfully.",
    "4011":"Role Information not fetched",
    "4012":"Unable to delete role.",
    "4013":"User not modified successfully.",
    "4014":"Password differs from last 5 passwords and hence not changed successfully.",
    "4015":"Unable to change password.",
    "4016":"Unable to retrieve password.",
    "4017":"Project not created successfully.",
    "4018":"Project deletion failed.",
    "4019":"Project not fetch.",
    "4020":"Module not created successfully.",
    "4021":"Module not viewed successfully.",
    "4022":"Unable to delete module since module is  associated to role.",
    "4023":"SubModule not created successfully.",
    "4024":"SubModule is linked to a module and hence not deleted successfully.",
    "4025":"Unable to fetch SubModule information.",
    "4026":"Unable to fetch product list.",
    "4027":"Unable to modify product.",
    "4028":"wrong password.",
    "4029":"inactive user.",
    "4030":"expired user.",
    "4031":"failed to create user.",
    "4032":"failed to create user.",
    "4033":"user does not exists.",
    "4034":"failed to create role.",
    "4035":"unable to logout.",
    "4036":"failed to fetch role.",
    "4037":"username or password wrong.",
    "4040":"group not found.",
    "4041":"failed to create group.",
    "4042":"failed to modify group.",
    "4043":"failed to delete group.",
    "4044":"failed to insert websocket data.",
    "4045":"failed to fetch websocket data for single user.",
    "4046":"failed to fetch websocket data for all user.",
    "4047":"unable to push websocket data to EdgeLb.",
    "4048":"unable to delete websocket data from ES.",
    "4049":"unable to connect to ES",
    "4050":"No User fields modified.",
    "4051":"Bulk user creation failed.",
    "4052":"Project does not exists.",
    "4053":"index not available.",
    "4054":"user already logged out.",
    "4055":"role attached with user cannot be deleted.",
    "4056":"group attached with user cannot be deleted.",
    "4057":"group already exists.",
    "4058":"unable to fetch group.",
    "4059":"unable to fetch group list.",
    "4060":"websocket data with given id does not exists.",
    "4061":"bad request.",
    "4062":"operation not found.",
    "4063":"transaction in progress at required endpoint.",
    "4064":"illegal header in excel",
    "4065":"illegal value in excel",
    "4066":"illegal value in json",
    "4067":"rolename cannot be changed",
    "4068":"username cannot be changed",
    "4069":"groupname cannot be changed",
    "4070":"no change to update",
    "4071":"user image not found",
    "4072":"image updated successfully",
    "4073":"failed to update user image",
    "4074":"old and new password cannot be same",
    "4075":"failed to lock user",
    "4076":"failed to unlock user",
    "4077":"failed to lock group",
    "4078":"failed to unlock group",
    "4079":"creating user does not exists",
    "4080":"user group is locked",
    "4081":"failed to insert node circle data",
    "4082":"failed to fetch node circle data",
    "4083":"node circle data not found",
    "4084":"short code to id fetch failed",
    "4085":"node to id fetch failed",
    "4086":"circle to id fetch failed",
    "4087":"circle short full name fetch failed",
    "4088":"node short full name fetch failed",
    "4089":"module to id map does not exist ",
    "4090":"circle to id map does not exist",
    "4091":"node to id map does not exist",
    "4092":"circle short to full name map does not exist",
    "4093":"node short to full name map does not exist",
    "4094":"operation module node map does not exist",
    "4095":"product meta data insertion failed",
    "4096":"failed to fetch user image",
    "4097":"trace data insertion failed",
    "4098":"trace data deletion failed",
    "4099":"trace data deletion partial failed",
    "4100":"trace data fetching failed",
    "4101":"unauthorized access",
    "4102":"policy creation failed",
    "4103":"node creation failed",
    "4104":"policy deletion failed",
    "4105":"node deletion failed",
    "4106":"ldap server unreachable",
    "4107":"invalid credentials",
    "4108":"could not insert certificate",
    "4109":"certificate already exists",
    "4110":"policy id already exists",
    "4111":" node id already exists",
    "4112":"node id does not exists",
    "4113":"policy id does not_exists",
    "4114":"policy updation failed",
    "4115":"node updation failed",
    "4116":"required secure connection",
    "4117":"missing mandatory parameter",
    "4118":"mail id does not exists",
    "4119":"mail id cannot be regex",
    "4120":"token creation failed",
    "4121":"bulk role and user creation failure",
    "4122":"user counters fetched failed",
    "4123":"bulk role creation failure",
    "4124":"failed to insert node event metadata",
    "4125":"failed to fetch node event metadata",
    "4126":"otp generated failed",
    "4127":"password reset failed",
    "4128":"new password and confirm password mismatch",
    "4129":"wrong otp",
    "4130":"failed to create node to network mapping",
    "4131":"node to network mapping already exists",
    "4132":"node to network mapping does not exists",
    "4133":"failed to update node to network mapping",
    "4134":"jbc api key already exists",
    "4135":"failed to create jbc api key",
    "4136":"platform name does not exists",
    "4137":"project name does not exists",
    "4138":"license type does not exists",
    "4139":"jbc api key not found",
    "4140":"failed to delete jbc api key",
    "4141":"developer name cannot be null",
    "4142":"project name cannot be null",
    "4143":"platform name cannot be null",
    "4144":"license type cannot be null",
    "4145":"jbc api key cannot be null",
    "4146":"failed to fetch jbc all api key",
    "4147":"failed to insert blockchain default configuration in es",
    "4148":"failed to delete node to network mapping",
    "4149":"network id cannot be null",
    "4150":"default network id cannot be deleted",
    "4151":"tenant id cannot be null",
    "4152":"default tenant id cannot be deleted",
    "4153":"failed to accept generate api key request",
    "4154":"failed to receive provision node and generate token from prm",
    "4155":"failed to receive delete node request from prm",
    "4156":"failed to accept delete api key request",
    "4157":"failed to fetch jbc api key",
    "4158":"otp expired",
    "4159":"query token expired",
    "4160":"query token invalid",
    "4161":"mail server unreachable",
    "4162":"failed to fetch kpi details.",
    "4163":"failed to fetch kpi counters",
    "4164":"no modification in kpi data",
    "4165":"counter data not inserted",
    "4166":"excel file not uploaded",
    "4167":"Exception Occured",
    "4168":"DB connectity error",
    "4235":"No Alarm available for selected duration",
    "4501":"Host entry already exists",
    "4502":"Host entry deletion failed",
    "4503":"Host details fetched Unsuccessfully",
    "4506":"Authentication failed due to wrong username and password",
    "4507":"Host details modified Unsuccessfully",
    "4514":"Wrong IP address",
    "4515":"Invalid hostName/IP",
    "4516":"BackupProfile Creation failed",
    "4517":"BackupProfile Details Not Fetched Successfully",
    "4518":"BackupProfile Deletion failed",
    "4519":"Invalid Policy File Format",
    "4520":"Invalid Folder Path Format in Excel File",
    "4521":"Invalid File Name Format in Excel File",
    "4522":"Fetching Instances nodewise failed",
    "4523":"Backup Profile Activation Failed",
    "4524":"Unable to fetch active profiles mapping",
    "4525":"Backupfrequency Doesnot Exists",
    "4526":"Backupfrequency Not Modified Successfully",
    "4527":"Fetching Instances nodewise failed",
    "4598":"No Instance available for selected duration",
    "4528":"Profile name already exists",
    "4529":"Deletion Unsuccessful ! Profile is associated with Netwok Instance",
    "4530":"Node Provisioning Mapping Not Retrieved Successfully",
    "4531":"Node Provisioning Failed",
    "4532":"Domain name list not fetched",
    "4533":"Domain name not added",
    "4534":"Domain name not deleted",
    "4535":"Node Provisioning  validation Failed",
    "4536":"Log Level not set Successfully",
    "4537":"DB Configuration not fetched",
    "4538":"DB Configuration not updated",
    "4539":"Node Provisioning  validation Failed",
    "5001":"fetched counter data.",
    "5002":"fetched counter data for the category.",
    "5003":"fetched particular counter data.",
    "5004":"fetched hourly counter data.",
    "5005":"Kpi name does not exist",
    "5006":"kpi created successfully",
    "5007":"kpi modified successfully",
    "5008":"kpi deleted successfully",
    "5009":"kpi fetched successfully",
    "5010":"kpi counters fetched successfully",
    "5011":"counter data inserted successfully",
    "6501":"Host entry added Successfully",
    "6502":"Host entry deleted Successfully",
    "6503":"Host details fetched Successfully",
    "6505":"Host details modified Successfully",
    "6514":"BackupProfile Created Successfully",
    "6515":"BackupProfile fetched Successfully",
    "6516":"BackupProfile deleted Successfully",
    "6517":"Instances fetched nodewise Successfully",
    "6518":"Backup Profile Activated Successfully",
    "6519":"NE_Instance and Profile Mapping Fetched  Successfully",
    "6520":"Backupfrequency  Modified Successfully",
    "6521":"Backup Profile Deactivated Successfully",
    "6522":"No changes in Backupfrequency",
    "6530":"Node Provisioning Mapping Retrieved Successfully",
    "6531":"Node Provisioning Updated Successfully",
    "6532":"Domain name list fetched successfully",
    "6533":"Domain name added successfully",
    "6534":"Domain name deleted successfully",
    "6535":"Node Provisioning  validation Successfull",
    "6536":"Log Level Set Successfully",
    "6537":"DB Configuration fetched successfully",
    "6538":"DB Configuration updated successfully",
    "6539":"Log Level Get Successfully",
    "40010":"user already exist",
    "20010":"user created successfully",
    "20020":"bulk user created successfully",
    "20021":"bulk role and user creation successfully",
    "20022":"bulk user created successfully"
}