{
    "UIParamsMapping": {
        "WAN_VLAN_ID_L3VPN": {
            "pattern": "^(([1-9][0-9]{0,2}|[1-3][0-9][0-9][0-9]|40([0-8][0-9]|9[0-4]))(,\\s*[1-9][0-9]{0,2}|[1-3][0-9][0-9][0-9]|40([0-8][0-9]|9[0-4]))*)$",
            "required": true,
            "errorMessage": "Please enter VLAN in range: 0 - 4094",
            "addressWithMaskValidator": false,
            "addressWithMaskValidatorType": null
        },
        "WAN_IPv4_Address_L3VPN": {
            "pattern": "^(?:(?:25[0-5]|2[0-4][0-9]|[01]?[0-9][0-9]?)\\.){3}(?:25[0-5]|2[0-4][0-9]|[01]?[0-9][0-9]?)$",
            "required": true,
            "errorMessage": "Please enter valid IPv4 address",
            "addressWithMaskValidator": false,
            "addressWithMaskValidatorType": null
        },
        "WAN_IPv4_MASK_L3VPN": {
            "pattern": "^((?:[0-9])|(?:[1-2][0-9])|(?:3[0-2]))$",
            "required": true,
            "errorMessage": "Please enter mask in range: 0 - 32",
            "addressWithMaskValidator": false,
            "addressWithMaskValidatorType": null
        },
        "WAN_IPv6_Address_L3VPN": {
            "pattern": "(?:^|(?<=\\s))(([0-9a-fA-F]{1,4}:){7,7}[0-9a-fA-F]{1,4}|([0-9a-fA-F]{1,4}:){1,7}:|([0-9a-fA-F]{1,4}:){1,6}:[0-9a-fA-F]{1,4}|([0-9a-fA-F]{1,4}:){1,5}(:[0-9a-fA-F]{1,4}){1,2}|([0-9a-fA-F]{1,4}:){1,4}(:[0-9a-fA-F]{1,4}){1,3}|([0-9a-fA-F]{1,4}:){1,3}(:[0-9a-fA-F]{1,4}){1,4}|([0-9a-fA-F]{1,4}:){1,2}(:[0-9a-fA-F]{1,4}){1,5}|[0-9a-fA-F]{1,4}:((:[0-9a-fA-F]{1,4}){1,6})|:((:[0-9a-fA-F]{1,4}){1,7}|:)|fe80:(:[0-9a-fA-F]{0,4}){0,4}%[0-9a-zA-Z]{1,}|::(ffff(:0{1,4}){0,1}:){0,1}((25[0-5]|(2[0-4]|1{0,1}[0-9]){0,1}[0-9])\\.){3,3}(25[0-5]|(2[0-4]|1{0,1}[0-9]){0,1}[0-9])|([0-9a-fA-F]{1,4}:){1,4}:((25[0-5]|(2[0-4]|1{0,1}[0-9]){0,1}[0-9])\\.){3,3}(25[0-5]|(2[0-4]|1{0,1}[0-9]){0,1}[0-9]))(?=\\s|$)",
            "required": true,
            "errorMessage": "Please enter valid IPv6 address",
            "addressWithMaskValidator": false,
            "addressWithMaskValidatorType": null
        },
        "WAN_IPv6_MASK_L3VPN": {
            "pattern": "^([0-9]{1,2}|1[01][0-9]|12[0-8])$",
            "required": true,
            "errorMessage": "Please enter mask in range: 0 - 128",
            "addressWithMaskValidator": false,
            "addressWithMaskValidatorType": null
        },
        "LAN_IPv4_Address_Mask_L3VPN": {
            "pattern": "",
            "required": true,
            "errorMessage": "Please enter correct value in format IPv4 Address/mask",
            "addressWithMaskValidator": true,
            "addressWithMaskValidatorType": "ipv4"
        },
        "LAN_IPv6_Address_Mask_L3VPN": {
            "pattern": "",
            "required": true,
            "errorMessage": "Please enter correct value in format IPv6 Address/mask",
            "addressWithMaskValidator": true,
            "addressWithMaskValidatorType": "ipv6"
        },
        "Remote_Side_IPv4_LAN_Pool_Addr": {
            "pattern": "",
            "required": true,
            "errorMessage": "Please enter correct value in format IPv4 Address/mask",
            "addressWithMaskValidator": true,
            "addressWithMaskValidatorType": "ipv4"
        },
        "Remote_Side_IPv6_LAN_Pool_Addr": {
            "pattern": "",
            "required": true,
            "errorMessage": "Please enter correct value in format IPv6 Address/mask",
            "addressWithMaskValidator": true,
            "addressWithMaskValidatorType": "ipv6"
        },
        "WAN_IPv4_L3VPN_Gateway_Address": {
            "pattern": "^(?:(?:25[0-5]|2[0-4][0-9]|[01]?[0-9][0-9]?)\\.){3}(?:25[0-5]|2[0-4][0-9]|[01]?[0-9][0-9]?)$",
            "required": true,
            "errorMessage": "Please enter valid Gateway IPv4 address (without mask)",
            "addressWithMaskValidator": false,
            "addressWithMaskValidatorType": null
        },
        "WAN_IPv6_L3VPN_Gateway_Address": {
            "pattern": "(?:^|(?<=\\s))(([0-9a-fA-F]{1,4}:){7,7}[0-9a-fA-F]{1,4}|([0-9a-fA-F]{1,4}:){1,7}:|([0-9a-fA-F]{1,4}:){1,6}:[0-9a-fA-F]{1,4}|([0-9a-fA-F]{1,4}:){1,5}(:[0-9a-fA-F]{1,4}){1,2}|([0-9a-fA-F]{1,4}:){1,4}(:[0-9a-fA-F]{1,4}){1,3}|([0-9a-fA-F]{1,4}:){1,3}(:[0-9a-fA-F]{1,4}){1,4}|([0-9a-fA-F]{1,4}:){1,2}(:[0-9a-fA-F]{1,4}){1,5}|[0-9a-fA-F]{1,4}:((:[0-9a-fA-F]{1,4}){1,6})|:((:[0-9a-fA-F]{1,4}){1,7}|:)|fe80:(:[0-9a-fA-F]{0,4}){0,4}%[0-9a-zA-Z]{1,}|::(ffff(:0{1,4}){0,1}:){0,1}((25[0-5]|(2[0-4]|1{0,1}[0-9]){0,1}[0-9])\\.){3,3}(25[0-5]|(2[0-4]|1{0,1}[0-9]){0,1}[0-9])|([0-9a-fA-F]{1,4}:){1,4}:((25[0-5]|(2[0-4]|1{0,1}[0-9]){0,1}[0-9])\\.){3,3}(25[0-5]|(2[0-4]|1{0,1}[0-9]){0,1}[0-9]))(?=\\s|$)",
            "required": true,
            "errorMessage": "Please enter valid Gateway IPv6 address (without mask)",
            "addressWithMaskValidator": false,
            "addressWithMaskValidatorType": null
        },
        "WAN_VLAN_ID_ILL": {
            "pattern": "^(([1-9][0-9]{0,2}|[1-3][0-9][0-9][0-9]|40([0-8][0-9]|9[0-4]))(,\\s*[1-9][0-9]{0,2}|[1-3][0-9][0-9][0-9]|40([0-8][0-9]|9[0-4]))*)$",
            "required": true,
            "errorMessage": "Please enter VLAN in range: 0 - 4094",
            "addressWithMaskValidator": false,
            "addressWithMaskValidatorType": null
        },
        "WAN_IPv4_Addr_ILL": {
            "pattern": "^(?:(?:25[0-5]|2[0-4][0-9]|[01]?[0-9][0-9]?)\\.){3}(?:25[0-5]|2[0-4][0-9]|[01]?[0-9][0-9]?)$",
            "required": true,
            "errorMessage": "Please enter valid IPv4 address",
            "addressWithMaskValidator": false,
            "addressWithMaskValidatorType": null
        },
        "WAN_IPv4_Mask_ILL": {
            "pattern": "^((?:[0-9])|(?:[1-2][0-9])|(?:3[0-2]))$",
            "required": true,
            "errorMessage": "Please enter mask in range: 0 - 32",
            "addressWithMaskValidator": false,
            "addressWithMaskValidatorType": null
        },
        "WAN_IPv6_Addr_ILL": {
            "pattern": "(?:^|(?<=\\s))(([0-9a-fA-F]{1,4}:){7,7}[0-9a-fA-F]{1,4}|([0-9a-fA-F]{1,4}:){1,7}:|([0-9a-fA-F]{1,4}:){1,6}:[0-9a-fA-F]{1,4}|([0-9a-fA-F]{1,4}:){1,5}(:[0-9a-fA-F]{1,4}){1,2}|([0-9a-fA-F]{1,4}:){1,4}(:[0-9a-fA-F]{1,4}){1,3}|([0-9a-fA-F]{1,4}:){1,3}(:[0-9a-fA-F]{1,4}){1,4}|([0-9a-fA-F]{1,4}:){1,2}(:[0-9a-fA-F]{1,4}){1,5}|[0-9a-fA-F]{1,4}:((:[0-9a-fA-F]{1,4}){1,6})|:((:[0-9a-fA-F]{1,4}){1,7}|:)|fe80:(:[0-9a-fA-F]{0,4}){0,4}%[0-9a-zA-Z]{1,}|::(ffff(:0{1,4}){0,1}:){0,1}((25[0-5]|(2[0-4]|1{0,1}[0-9]){0,1}[0-9])\\.){3,3}(25[0-5]|(2[0-4]|1{0,1}[0-9]){0,1}[0-9])|([0-9a-fA-F]{1,4}:){1,4}:((25[0-5]|(2[0-4]|1{0,1}[0-9]){0,1}[0-9])\\.){3,3}(25[0-5]|(2[0-4]|1{0,1}[0-9]){0,1}[0-9]))(?=\\s|$)",
            "required": true,
            "errorMessage": "Please enter valid IPv6 address",
            "addressWithMaskValidator": false,
            "addressWithMaskValidatorType": null
        },
        "WAN_IPv6_Mask_ILL": {
            "pattern": "^([0-9]{1,2}|1[01][0-9]|12[0-8])$",
            "required": true,
            "errorMessage": "Please enter mask in range: 0 - 128",
            "addressWithMaskValidator": false,
            "addressWithMaskValidatorType": null
        },
        "LAN_IPv4_Addr_Mask_ILL": {
            "pattern": "",
            "required": true,
            "errorMessage": "Please enter correct value in format IPv4 Address/mask",
            "addressWithMaskValidator": true,
            "addressWithMaskValidatorType": "ipv4"
        },
        "LAN_IPv6_Addr_Mask_ILL": {
            "pattern": "",
            "required": true,
            "errorMessage": "Please enter correct value in format IPv6 Address/mask",
            "addressWithMaskValidator": true,
            "addressWithMaskValidatorType": "ipv6"
        },
        "WAN_IPv4_ILL_Gateway_Addr": {
            "pattern": "^(?:(?:25[0-5]|2[0-4][0-9]|[01]?[0-9][0-9]?)\\.){3}(?:25[0-5]|2[0-4][0-9]|[01]?[0-9][0-9]?)$",
            "required": true,
            "errorMessage": "Please enter valid Gateway IPv4 address (without mask)",
            "addressWithMaskValidator": false,
            "addressWithMaskValidatorType": null
        },
        "WAN_IPv6_ILL_Gateway_Addr": {
            "pattern": "(?:^|(?<=\\s))(([0-9a-fA-F]{1,4}:){7,7}[0-9a-fA-F]{1,4}|([0-9a-fA-F]{1,4}:){1,7}:|([0-9a-fA-F]{1,4}:){1,6}:[0-9a-fA-F]{1,4}|([0-9a-fA-F]{1,4}:){1,5}(:[0-9a-fA-F]{1,4}){1,2}|([0-9a-fA-F]{1,4}:){1,4}(:[0-9a-fA-F]{1,4}){1,3}|([0-9a-fA-F]{1,4}:){1,3}(:[0-9a-fA-F]{1,4}){1,4}|([0-9a-fA-F]{1,4}:){1,2}(:[0-9a-fA-F]{1,4}){1,5}|[0-9a-fA-F]{1,4}:((:[0-9a-fA-F]{1,4}){1,6})|:((:[0-9a-fA-F]{1,4}){1,7}|:)|fe80:(:[0-9a-fA-F]{0,4}){0,4}%[0-9a-zA-Z]{1,}|::(ffff(:0{1,4}){0,1}:){0,1}((25[0-5]|(2[0-4]|1{0,1}[0-9]){0,1}[0-9])\\.){3,3}(25[0-5]|(2[0-4]|1{0,1}[0-9]){0,1}[0-9])|([0-9a-fA-F]{1,4}:){1,4}:((25[0-5]|(2[0-4]|1{0,1}[0-9]){0,1}[0-9])\\.){3,3}(25[0-5]|(2[0-4]|1{0,1}[0-9]){0,1}[0-9]))(?=\\s|$)",
            "required": true,
            "errorMessage": "Please enter valid Gateway IPv6 address (without mask)",
            "addressWithMaskValidator": false,
            "addressWithMaskValidatorType": null
        },
        "WAN_VLAN_ID_Centrex": {
            "pattern": "^(([1-9][0-9]{0,2}|[1-3][0-9][0-9][0-9]|40([0-8][0-9]|9[0-4]))(,\\s*[1-9][0-9]{0,2}|[1-3][0-9][0-9][0-9]|40([0-8][0-9]|9[0-4]))*)$",
            "required": true,
            "errorMessage": "Please enter VLAN in range: 0 - 4094",
            "addressWithMaskValidator": false,
            "addressWithMaskValidatorType": null
        },
        "LAN_IPv6_Address_Pool_Centrex": {
            "pattern": "",
            "required": true,
            "errorMessage": "Please enter correct value in format IPv6 Address/mask",
            "addressWithMaskValidator": true,
            "addressWithMaskValidatorType": "ipv6"
        },
        "WAN_IPv4_Address_Centrex": {
            "pattern": "^(?:(?:25[0-5]|2[0-4][0-9]|[01]?[0-9][0-9]?)\\.){3}(?:25[0-5]|2[0-4][0-9]|[01]?[0-9][0-9]?)$",
            "required": true,
            "errorMessage": "Please enter valid IPv4 address",
            "addressWithMaskValidator": false,
            "addressWithMaskValidatorType": null
        },
        "WAN_IPv4_MASK_Centrex": {
            "pattern": "^((?:[0-9])|(?:[1-2][0-9])|(?:3[0-2]))$",
            "required": true,
            "errorMessage": "Please enter mask in range: 0 - 32",
            "addressWithMaskValidator": false,
            "addressWithMaskValidatorType": null
        },
        "WAN_IPv6_Address_Centrex": {
            "pattern": "(?:^|(?<=\\s))(([0-9a-fA-F]{1,4}:){7,7}[0-9a-fA-F]{1,4}|([0-9a-fA-F]{1,4}:){1,7}:|([0-9a-fA-F]{1,4}:){1,6}:[0-9a-fA-F]{1,4}|([0-9a-fA-F]{1,4}:){1,5}(:[0-9a-fA-F]{1,4}){1,2}|([0-9a-fA-F]{1,4}:){1,4}(:[0-9a-fA-F]{1,4}){1,3}|([0-9a-fA-F]{1,4}:){1,3}(:[0-9a-fA-F]{1,4}){1,4}|([0-9a-fA-F]{1,4}:){1,2}(:[0-9a-fA-F]{1,4}){1,5}|[0-9a-fA-F]{1,4}:((:[0-9a-fA-F]{1,4}){1,6})|:((:[0-9a-fA-F]{1,4}){1,7}|:)|fe80:(:[0-9a-fA-F]{0,4}){0,4}%[0-9a-zA-Z]{1,}|::(ffff(:0{1,4}){0,1}:){0,1}((25[0-5]|(2[0-4]|1{0,1}[0-9]){0,1}[0-9])\\.){3,3}(25[0-5]|(2[0-4]|1{0,1}[0-9]){0,1}[0-9])|([0-9a-fA-F]{1,4}:){1,4}:((25[0-5]|(2[0-4]|1{0,1}[0-9]){0,1}[0-9])\\.){3,3}(25[0-5]|(2[0-4]|1{0,1}[0-9]){0,1}[0-9]))(?=\\s|$)",
            "required": true,
            "errorMessage": "Please enter valid IPv6 address",
            "addressWithMaskValidator": false,
            "addressWithMaskValidatorType": null
        },
        "WAN_IPv6_MASK_Centrex": {
            "pattern": "^([0-9]{1,2}|1[01][0-9]|12[0-8])$",
            "required": true,
            "errorMessage": "Please enter mask in range: 0 - 128",
            "addressWithMaskValidator": false,
            "addressWithMaskValidatorType": null
        },
        "LAN_IPv6_Address_Mask_Centrex": {
            "pattern": "",
            "required": true,
            "errorMessage": "Please enter correct value in format IPv6 Address/mask",
            "addressWithMaskValidator": true,
            "addressWithMaskValidatorType": "ipv6"
        },
        "WAN_IPv4_Centrex_Gateway_Addr": {
            "pattern": "^(?:(?:25[0-5]|2[0-4][0-9]|[01]?[0-9][0-9]?)\\.){3}(?:25[0-5]|2[0-4][0-9]|[01]?[0-9][0-9]?)$",
            "required": true,
            "errorMessage": "Please enter valid Gateway IPv4 address (without mask)",
            "addressWithMaskValidator": false,
            "addressWithMaskValidatorType": null
        },
        "WAN_IPv6_Centrex_Gateway_Addr": {
            "pattern": "(?:^|(?<=\\s))(([0-9a-fA-F]{1,4}:){7,7}[0-9a-fA-F]{1,4}|([0-9a-fA-F]{1,4}:){1,7}:|([0-9a-fA-F]{1,4}:){1,6}:[0-9a-fA-F]{1,4}|([0-9a-fA-F]{1,4}:){1,5}(:[0-9a-fA-F]{1,4}){1,2}|([0-9a-fA-F]{1,4}:){1,4}(:[0-9a-fA-F]{1,4}){1,3}|([0-9a-fA-F]{1,4}:){1,3}(:[0-9a-fA-F]{1,4}){1,4}|([0-9a-fA-F]{1,4}:){1,2}(:[0-9a-fA-F]{1,4}){1,5}|[0-9a-fA-F]{1,4}:((:[0-9a-fA-F]{1,4}){1,6})|:((:[0-9a-fA-F]{1,4}){1,7}|:)|fe80:(:[0-9a-fA-F]{0,4}){0,4}%[0-9a-zA-Z]{1,}|::(ffff(:0{1,4}){0,1}:){0,1}((25[0-5]|(2[0-4]|1{0,1}[0-9]){0,1}[0-9])\\.){3,3}(25[0-5]|(2[0-4]|1{0,1}[0-9]){0,1}[0-9])|([0-9a-fA-F]{1,4}:){1,4}:((25[0-5]|(2[0-4]|1{0,1}[0-9]){0,1}[0-9])\\.){3,3}(25[0-5]|(2[0-4]|1{0,1}[0-9]){0,1}[0-9]))(?=\\s|$)",
            "required": true,
            "errorMessage": "Please enter valid Gateway IPv6 address (without mask)",
            "addressWithMaskValidator": false,
            "addressWithMaskValidatorType": null
        },
        "FLN": {
            "pattern": "",
            "required": false,
            "errorMessage": "Please enter parameter value",
            "addressWithMaskValidator": false,
            "addressWithMaskValidatorType": null
        }
    },
    "UserValidation": {
        "emailId": {
            "pattern": "^[_a-z0-9A-Z]+(\\.[_a-z0-9A-Z]+)*@[A-Za-z0-9-]+(\\.[a-z0-9-]+)*(\\.[A-Za-z]{2,4})$",
            "errorMessage": "Enter valid Email Address"
        },
        "userName": {
            "pattern": "^[a-zA-Z0-9_.]{4,25}$",
            "errorMessage": "No special Characters allowed"
        },
        "userPassword": {
            "pattern": "^(?=.*[A-Za-z])(?=.*\\d)(?=.*[$@$!%*#?&])[A-Za-z\\d$@$!%*#?&]{8,}",
            "errorMessage": "Need a special character, Need a number and length should be of minimum 8 digits"
        },
        "contactNumber": {
            "pattern": "^[0-9]{10}$",
            "errorMessage": "Please Enter Ten digits"
        }
    }
}