{"__symbolic":"module","version":4,"metadata":{"IamService":{"__symbolic":"class","decorators":[{"__symbolic":"call","expression":{"__symbolic":"reference","module":"@angular/core","name":"Injectable","line":17,"character":1},"arguments":[{"providedIn":"root"}]}],"members":{"__ctor__":[{"__symbolic":"constructor","parameters":[{"__symbolic":"reference","name":"HttpService"},{"__symbolic":"reference","name":"AppConfigurationService"},{"__symbolic":"reference","name":"SessionService"},{"__symbolic":"reference","name":"CacheManagerService"},{"__symbolic":"reference","module":"@angular/router","name":"Router","line":25,"character":56},{"__symbolic":"reference","module":"@angular/common","name":"Location","line":25,"character":82}]}],"ngOnInit":[{"__symbolic":"method"}],"ngOnDestroy":[{"__symbolic":"method"}],"doLogin":[{"__symbolic":"method"}],"startListeningToRouteChange":[{"__symbolic":"method"}],"authenticateUser":[{"__symbolic":"method"}],"doLogout":[{"__symbolic":"method"}],"logoutUser":[{"__symbolic":"method"}],"getPathName":[{"__symbolic":"method"}],"onRouteChange":[{"__symbolic":"method"}],"getAllroleid":[{"__symbolic":"method"}],"createSingleUser":[{"__symbolic":"method"}],"createAccount":[{"__symbolic":"method"}],"createBulkUser":[{"__symbolic":"method"}],"createBulkRolesandUsers":[{"__symbolic":"method"}],"downloadBulkUsers":[{"__symbolic":"method"}],"downloadUserTemplate":[{"__symbolic":"method"}],"deleteUser":[{"__symbolic":"method"}],"modifyUser":[{"__symbolic":"method"}],"viewUser":[{"__symbolic":"method"}],"viewUserListAccordingtoRole":[{"__symbolic":"method"}],"blockUser":[{"__symbolic":"method"}],"checkUserExistence":[{"__symbolic":"method"}],"getAllUser":[{"__symbolic":"method"}],"getRestrictedUser":[{"__symbolic":"method"}],"createRole":[{"__symbolic":"method"}],"resetVariables":[{"__symbolic":"method"}],"getCookie":[{"__symbolic":"method"}],"restructureAccessJson":[{"__symbolic":"method"}],"parseToken":[{"__symbolic":"method"}],"parseNodeCircleToken":[{"__symbolic":"method"}],"neShortNameFullNameMapping":[{"__symbolic":"method"}],"neCircleShortNameFullNameMapping":[{"__symbolic":"method"}],"getAccessJson":[{"__symbolic":"method"}],"getNodeCircleJson":[{"__symbolic":"method"}],"getModuleToIdJson":[{"__symbolic":"method"}],"getNodeToIdJson":[{"__symbolic":"method"}],"getCircleToIdJson":[{"__symbolic":"method"}],"getCircleShortNameFullNameJson":[{"__symbolic":"method"}],"getNodeShortNameFullNameJson":[{"__symbolic":"method"}],"getOperationToModuleNodeCircleJson":[{"__symbolic":"method"}],"deleteRole":[{"__symbolic":"method"}],"modifyRole":[{"__symbolic":"method"}],"viewRole":[{"__symbolic":"method"}],"getAllRole":[{"__symbolic":"method"}],"checkRoleExistence":[{"__symbolic":"method"}],"createUserGroup":[{"__symbolic":"method"}],"viewUserGroup":[{"__symbolic":"method"}],"viewUserGroupList":[{"__symbolic":"method"}],"viewAllGroup":[{"__symbolic":"method"}],"deleteUserGroup":[{"__symbolic":"method"}],"modifyUserGroup":[{"__symbolic":"method"}],"lockUser":[{"__symbolic":"method"}],"unlockUser":[{"__symbolic":"method"}],"lockGroup":[{"__symbolic":"method"}],"unlockGroup":[{"__symbolic":"method"}],"getCountUsers":[{"__symbolic":"method"}],"changePassword":[{"__symbolic":"method"}],"forgotPassword":[{"__symbolic":"method"}],"insertTraceData":[{"__symbolic":"method"}],"getTraceData":[{"__symbolic":"method"}],"resetPassword":[{"__symbolic":"method"}],"generatePassword":[{"__symbolic":"method"}],"modifyUserImage":[{"__symbolic":"method"}]},"statics":{"ngInjectableDef":{}}},"WebSocketCallbacks":{"__symbolic":"interface"},"AppConfigurationService":{"__symbolic":"class","decorators":[{"__symbolic":"call","expression":{"__symbolic":"reference","module":"@angular/core","name":"Injectable","line":3,"character":1},"arguments":[{"providedIn":"root"}]}],"members":{"__ctor__":[{"__symbolic":"constructor","parameters":[{"__symbolic":"reference","module":"@angular/common/http","name":"HttpClient","line":8,"character":34}]}],"loadConfiguration":[{"__symbolic":"method"}],"getConfiguration":[{"__symbolic":"method"}]},"statics":{"ngInjectableDef":{}}},"AppConfiguration":{"__symbolic":"interface"},"CacheManagerService":{"__symbolic":"class","decorators":[{"__symbolic":"call","expression":{"__symbolic":"reference","module":"@angular/core","name":"Injectable","line":15,"character":1},"arguments":[{"providedIn":"root"}]}],"members":{"__ctor__":[{"__symbolic":"constructor","parameters":[{"__symbolic":"reference","name":"AppConfigurationService"},{"__symbolic":"reference","module":"@angular/common/http","name":"HttpClient","line":39,"character":85},{"__symbolic":"reference","name":"SessionService"},{"__symbolic":"reference","module":"@angular/common","name":"Location","line":40,"character":62},{"__symbolic":"reference","name":"MessageMapping"}]}],"ngOnInit":[{"__symbolic":"method"}],"ngOnDestroy":[{"__symbolic":"method"}],"getAuthKey":[{"__symbolic":"method"}],"getNodeShortNameFullNameJson":[{"__symbolic":"method"}],"getCircleShortNameFullNameJson":[{"__symbolic":"method"}],"getModuleToIdJson":[{"__symbolic":"method"}],"getNodeToIdJson":[{"__symbolic":"method"}],"getCircleToIdJson":[{"__symbolic":"method"}],"getOperationToModuleNodeCircleJson":[{"__symbolic":"method"}],"getPathName":[{"__symbolic":"method"}],"onStartupRouteChange":[{"__symbolic":"method"}],"callWhenConfigLoads":[{"__symbolic":"method"}],"getUserImage":[{"__symbolic":"method"}],"openWebSocketChannel":[{"__symbolic":"method"}],"getCookies":[{"__symbolic":"method"}],"handleError":[{"__symbolic":"method"}],"reInitializeWebsocketOpenPromise":[{"__symbolic":"method"}],"onbeforeunloadHandler":[{"__symbolic":"method","decorators":[{"__symbolic":"call","expression":{"__symbolic":"reference","module":"@angular/core","name":"HostListener","line":472,"character":3},"arguments":["window:onbeforeunload",["$event"]]}]}]},"statics":{"ngInjectableDef":{}}},"CONSTANTS":{"__symbolic":"class","members":{"getProtocol":[{"__symbolic":"method"}]},"statics":{"PROTOCOL":{"__symbolic":"binop","operator":"+","left":{"__symbolic":"select","expression":{"__symbolic":"reference","name":"location"},"member":"protocol"},"right":"//"},"WEBSOCKET_PROTOCOL":{"__symbolic":"if","condition":{"__symbolic":"binop","operator":"===","left":{"__symbolic":"call","expression":{"__symbolic":"select","expression":{"__symbolic":"select","expression":{"__symbolic":"reference","name":"location"},"member":"protocol"},"member":"localeCompare"},"arguments":["https:"]},"right":0},"thenExpression":"wss://","elseExpression":"ws://"},"IDENTITY_CONTEXT":"/IAM/identity/","ACCESS_CONTEXT":"/IAM/access/","TRACE_CONTEXT":"/IAM/trace/"}},"HttpResponseInterceptor":{"__symbolic":"class","decorators":[{"__symbolic":"call","expression":{"__symbolic":"reference","module":"@angular/core","name":"Injectable","line":7,"character":1}}],"members":{"__ctor__":[{"__symbolic":"constructor","parameters":[{"__symbolic":"reference","name":"SessionService"},{"__symbolic":"reference","name":"AppConfigurationService"},{"__symbolic":"reference","name":"CacheManagerService"}]}],"intercept":[{"__symbolic":"method"}]}},"HttpService":{"__symbolic":"class","decorators":[{"__symbolic":"call","expression":{"__symbolic":"reference","module":"@angular/core","name":"Injectable","line":9,"character":1},"arguments":[{"providedIn":"root"}]}],"members":{"__ctor__":[{"__symbolic":"constructor","parameters":[{"__symbolic":"reference","module":"@angular/common/http","name":"HttpClient","line":14,"character":34},{"__symbolic":"reference","name":"AppConfigurationService"},{"__symbolic":"reference","name":"CacheManagerService"},{"__symbolic":"reference","name":"SessionService"}]}],"parseQueryString":[{"__symbolic":"method"}],"parseUrl":[{"__symbolic":"method"}],"checkAuthorization":[{"__symbolic":"method"}],"getData":[{"__symbolic":"method"}],"postData":[{"__symbolic":"method"}],"putData":[{"__symbolic":"method"}],"deleteData":[{"__symbolic":"method"}],"headData":[{"__symbolic":"method"}],"patchData":[{"__symbolic":"method"}],"handleError":[{"__symbolic":"method"}]},"statics":{"ngInjectableDef":{}}},"Request":{"__symbolic":"interface"},"Response":{"__symbolic":"interface"},"MessageMapping":{"__symbolic":"class","decorators":[{"__symbolic":"call","expression":{"__symbolic":"reference","module":"@angular/core","name":"Injectable","line":2,"character":1},"arguments":[{"providedIn":"root"}]}],"members":{"__ctor__":[{"__symbolic":"constructor","parameters":[{"__symbolic":"reference","module":"@angular/common/http","name":"HttpClient","line":7,"character":34}]}],"loadMesageMap":[{"__symbolic":"method"}]},"statics":{"messageMap":{"__symbolic":"new","expression":{"__symbolic":"reference","name":"Map"}},"getMessage":{"__symbolic":"function","parameters":["code"],"value":{"__symbolic":"if","condition":{"__symbolic":"call","expression":{"__symbolic":"select","expression":{"__symbolic":"select","expression":{"__symbolic":"reference","name":"MessageMapping"},"member":"messageMap"},"member":"has"},"arguments":[{"__symbolic":"reference","name":"code"}]},"thenExpression":{"__symbolic":"call","expression":{"__symbolic":"select","expression":{"__symbolic":"select","expression":{"__symbolic":"reference","name":"MessageMapping"},"member":"messageMap"},"member":"get"},"arguments":[{"__symbolic":"reference","name":"code"}]},"elseExpression":"unknown error code received"}},"ngInjectableDef":{}}},"NavigateService":{"__symbolic":"class","decorators":[{"__symbolic":"call","expression":{"__symbolic":"reference","module":"@angular/core","name":"Injectable","line":3,"character":1},"arguments":[{"providedIn":"root"}]}],"members":{"__ctor__":[{"__symbolic":"constructor","parameters":[{"__symbolic":"reference","module":"@angular/router","name":"Router","line":8,"character":30}]}],"navigate":[{"__symbolic":"method"}]},"statics":{"ngInjectableDef":{}}},"SessionService":{"__symbolic":"class","decorators":[{"__symbolic":"call","expression":{"__symbolic":"reference","module":"@angular/core","name":"Injectable","line":8,"character":1},"arguments":[{"providedIn":"root"}]}],"members":{"__ctor__":[{"__symbolic":"constructor","parameters":[{"__symbolic":"reference","module":"ngx-cookie-service","name":"CookieService","line":25,"character":44},{"__symbolic":"reference","name":"AppConfigurationService"},{"__symbolic":"reference","name":"NavigateService"}]}],"getSessionData":[{"__symbolic":"method"}],"getAesKey":[{"__symbolic":"method"}],"setSessionData":[{"__symbolic":"method"}],"clearSessionData":[{"__symbolic":"method"}],"putDateForCookieExpiry":[{"__symbolic":"method"}],"getDateForCookieExpiry":[{"__symbolic":"method"}],"setUserTokenData":[{"__symbolic":"method"}],"getUserTokenData":[{"__symbolic":"method"}],"setSessionDataForModuleRestriction":[{"__symbolic":"method"}],"getSessionDataForModuleRestriction":[{"__symbolic":"method"}],"setSessionDataForStructuredRestriction":[{"__symbolic":"method"}],"getSessionDataForStructuredRestriction":[{"__symbolic":"method"}],"setSessionDataForNodeCircleRestriction":[{"__symbolic":"method"}],"getSessionDataForNodeCircleRestriction":[{"__symbolic":"method"}],"clearSessionDataAndGotoSessionExpirePage":[{"__symbolic":"method"}],"clearSessionDataAndGotoLogoutPage":[{"__symbolic":"method"}],"resetVariables":[{"__symbolic":"method"}]},"statics":{"ngInjectableDef":{}}},"RequestSessionData":{"__symbolic":"interface"},"ResponseSessionData":{"__symbolic":"interface"},"WebSocketCallbackClass":{"__symbolic":"class","members":{"onMessage":[{"__symbolic":"method"}],"onClose":[{"__symbolic":"method"}],"onError":[{"__symbolic":"method"}],"onOpen":[{"__symbolic":"method"}],"onReconnect":[{"__symbolic":"method"}]},"statics":{"onMessageSubject":{"__symbolic":"new","expression":{"__symbolic":"reference","module":"rxjs","name":"Subject","line":3,"character":56}},"onOpenSubject":{"__symbolic":"new","expression":{"__symbolic":"reference","module":"rxjs","name":"Subject","line":4,"character":53}},"onCloseSubject":{"__symbolic":"new","expression":{"__symbolic":"reference","module":"rxjs","name":"Subject","line":5,"character":54}},"onErrorSubject":{"__symbolic":"new","expression":{"__symbolic":"reference","module":"rxjs","name":"Subject","line":6,"character":54}},"onWebsocketReconnectSubject":{"__symbolic":"new","expression":{"__symbolic":"reference","module":"rxjs","name":"Subject","line":7,"character":68}},"getOnMessageObservable":{"__symbolic":"function","parameters":[],"value":{"__symbolic":"call","expression":{"__symbolic":"select","expression":{"__symbolic":"select","expression":{"__symbolic":"reference","name":"WebSocketCallbackClass"},"member":"onMessageSubject"},"member":"asObservable"}}},"getOnOpenObservable":{"__symbolic":"function","parameters":[],"value":{"__symbolic":"call","expression":{"__symbolic":"select","expression":{"__symbolic":"select","expression":{"__symbolic":"reference","name":"WebSocketCallbackClass"},"member":"onOpenSubject"},"member":"asObservable"}}},"getOnCloseObservable":{"__symbolic":"function","parameters":[],"value":{"__symbolic":"call","expression":{"__symbolic":"select","expression":{"__symbolic":"select","expression":{"__symbolic":"reference","name":"WebSocketCallbackClass"},"member":"onCloseSubject"},"member":"asObservable"}}},"getOnErrorObservable":{"__symbolic":"function","parameters":[],"value":{"__symbolic":"call","expression":{"__symbolic":"select","expression":{"__symbolic":"select","expression":{"__symbolic":"reference","name":"WebSocketCallbackClass"},"member":"onErrorSubject"},"member":"asObservable"}}},"getOnWebsocketReconnectObservable":{"__symbolic":"function","parameters":[],"value":{"__symbolic":"call","expression":{"__symbolic":"select","expression":{"__symbolic":"select","expression":{"__symbolic":"reference","name":"WebSocketCallbackClass"},"member":"onWebsocketReconnectSubject"},"member":"asObservable"}}}}},"IamComponent":{"__symbolic":"class","decorators":[{"__symbolic":"call","expression":{"__symbolic":"reference","module":"@angular/core","name":"Component","line":2,"character":1},"arguments":[{"selector":"lib-iam","template":"\n    <p>\n      iam works!\n    </p>\n  ","styles":[]}]}],"members":{"__ctor__":[{"__symbolic":"constructor"}],"ngOnInit":[{"__symbolic":"method"}]}},"IamModule":{"__symbolic":"class","decorators":[{"__symbolic":"call","expression":{"__symbolic":"reference","module":"@angular/core","name":"NgModule","line":12,"character":1},"arguments":[{"imports":[],"declarations":[{"__symbolic":"reference","name":"IamComponent"}],"exports":[{"__symbolic":"reference","name":"IamComponent"}],"providers":[{"__symbolic":"reference","name":"IamService"},{"__symbolic":"reference","module":"ngx-cookie-service","name":"CookieService","line":17,"character":27},{"__symbolic":"reference","name":"SessionService"},{"__symbolic":"reference","name":"AppConfigurationService"},{"__symbolic":"reference","name":"CacheManagerService"},{"provide":{"__symbolic":"reference","module":"@angular/core","name":"APP_INITIALIZER","line":18,"character":13},"useFactory":{"__symbolic":"reference","name":"ɵa"},"deps":[{"__symbolic":"reference","name":"AppConfigurationService"},{"__symbolic":"reference","name":"CacheManagerService"}],"multi":true},{"provide":{"__symbolic":"reference","module":"@angular/common/http","name":"HTTP_INTERCEPTORS","line":23,"character":13},"useClass":{"__symbolic":"reference","name":"HttpResponseInterceptor"},"multi":true}]}]}],"members":{},"statics":{"forRoot":{"__symbolic":"function","parameters":[],"value":{"ngModule":{"__symbolic":"reference","name":"IamModule"},"providers":[]}}}},"ɵa":{"__symbolic":"function","parameters":["appConfigurationService","cache"],"value":{"__symbolic":"error","message":"Lambda not supported","line":5,"character":11,"module":"./lib/configuration-factory"}}},"origins":{"IamService":"./lib/iam.service","WebSocketCallbacks":"./lib/iam.service","AppConfigurationService":"./lib/app-configuration.service","AppConfiguration":"./lib/app-configuration.service","CacheManagerService":"./lib/cache-manager.service","CONSTANTS":"./lib/constant","HttpResponseInterceptor":"./lib/http-response-interceptor","HttpService":"./lib/http.service","Request":"./lib/http.service","Response":"./lib/http.service","MessageMapping":"./lib/message-mapping","NavigateService":"./lib/navigate.service","SessionService":"./lib/session.service","RequestSessionData":"./lib/session.service","ResponseSessionData":"./lib/session.service","WebSocketCallbackClass":"./lib/web-socket-callbacks-class","IamComponent":"./lib/iam.component","IamModule":"./lib/iam.module","ɵa":"./lib/configuration-factory"},"importAs":"iam"}