{
  "index": "/index.html",
  "assetGroups": [
    {
      "name": "app",
      "installMode": "prefetch",
      "resources": {
        "files": [
          "/favicon.ico",
          "/index.html",
          "/*.css",
          "/*.js",
          "/assets/**"
        ],
        "urls": [
          "https://maxcdn.bootstrapcdn.com/font-awesome/latest/css/font-awesome.min.css",
          "https://maxcdn.bootstrapcdn.com/font-awesome/4.6.3/css/font-awesome.min.css",
          "https://fonts.googleapis.com/css?family=Roboto:300,400,500,700|Material+Icons",
          "https://fonts.gstatic.com/s/materialicons/v48/flUhRq6tzZclQEJ-Vdg-IuiaDsNc.woff2",
          "https://fonts.gstatic.com/s/roboto/v20/KFOlCnqEu92Fr1MmSU5fCRc4EsA.woff2",
          "https://fonts.gstatic.com/s/roboto/v20/KFOlCnqEu92Fr1MmSU5fABc4EsA.woff2",
          "https://fonts.gstatic.com/s/roboto/v20/KFOlCnqEu92Fr1MmSU5fCBc4EsA.woff2",
          "https://fonts.gstatic.com/s/roboto/v20/KFOlCnqEu92Fr1MmSU5fBxc4EsA.woff2",
          "https://fonts.gstatic.com/s/roboto/v20/KFOlCnqEu92Fr1MmSU5fCxc4EsA.woff2",
          "https://fonts.gstatic.com/s/roboto/v20/KFOlCnqEu92Fr1MmSU5fChc4EsA.woff2",
          "https://fonts.gstatic.com/s/roboto/v20/KFOlCnqEu92Fr1MmSU5fBBc4.woff2",
          "https://fonts.gstatic.com/s/roboto/v20/KFOmCnqEu92Fr1Mu72xKOzY.woff2",
          "https://fonts.gstatic.com/s/roboto/v20/KFOmCnqEu92Fr1Mu5mxKOzY.woff2",
          "https://fonts.gstatic.com/s/roboto/v20/KFOmCnqEu92Fr1Mu7mxKOzY.woff2",
          "https://fonts.gstatic.com/s/roboto/v20/KFOmCnqEu92Fr1Mu4WxKOzY.woff2",
          "https://fonts.gstatic.com/s/roboto/v20/KFOmCnqEu92Fr1Mu7WxKOzY.woff2",
          "https://fonts.gstatic.com/s/roboto/v20/KFOmCnqEu92Fr1Mu7GxKOzY.woff2",
          "https://fonts.gstatic.com/s/roboto/v20/KFOmCnqEu92Fr1Mu4mxK.woff2",
          "https://fonts.gstatic.com/s/roboto/v20/KFOlCnqEu92Fr1MmEU9fCRc4EsA.woff2",
          "https://fonts.gstatic.com/s/roboto/v20/KFOlCnqEu92Fr1MmEU9fABc4EsA.woff2",
          "https://fonts.gstatic.com/s/roboto/v20/KFOlCnqEu92Fr1MmEU9fCBc4EsA.woff2",
          "https://fonts.gstatic.com/s/roboto/v20/KFOlCnqEu92Fr1MmEU9fBxc4EsA.woff2",
          "https://fonts.gstatic.com/s/roboto/v20/KFOlCnqEu92Fr1MmEU9fCxc4EsA.woff2",
          "https://fonts.gstatic.com/s/roboto/v20/KFOlCnqEu92Fr1MmEU9fChc4EsA.woff2",
          "https://fonts.gstatic.com/s/roboto/v20/KFOlCnqEu92Fr1MmEU9fBBc4.woff2",
          "https://fonts.gstatic.com/s/roboto/v20/KFOlCnqEu92Fr1MmWUlfCRc4EsA.woff2",
          "https://fonts.gstatic.com/s/roboto/v20/KFOlCnqEu92Fr1MmWUlfABc4EsA.woff2",
          "https://fonts.gstatic.com/s/roboto/v20/KFOlCnqEu92Fr1MmWUlfCBc4EsA.woff2",
          "https://fonts.gstatic.com/s/roboto/v20/KFOlCnqEu92Fr1MmWUlfBxc4EsA.woff2",
          "https://fonts.gstatic.com/s/roboto/v20/KFOlCnqEu92Fr1MmWUlfCxc4EsA.woff2",
          "https://fonts.gstatic.com/s/roboto/v20/KFOlCnqEu92Fr1MmWUlfChc4EsA.woff2",
          "https://fonts.gstatic.com/s/roboto/v20/KFOlCnqEu92Fr1MmWUlfBBc4.woff2"
        ]
      }
    }
  ]
}